id_sujeto	id_propiedad	valor
Q_cosa	P_uri	https://www.ica.org/standards/RiC/ontology#Thing
Q_cosa	P_equivalente_a	Q35120
Q_documento	P_subclase_de	Q_cosa
Q_documento	P_uri	https://www.ica.org/standards/RiC/ontology#Record
Q_agrupacion_doc	P_subclase_de	Q_cosa
Q_agrupacion_doc	P_uri	https://www.ica.org/standards/RiC/ontology#RecordSet
Q_tipo_agrupacion_doc	P_subclase_de	Q_cosa
Q_tipo_agrupacion_doc	P_uri	http://www.w3.org/2004/02/skos/core#Concept
Q_agrupacion_fondos	P_instancia_de	Q_tipo_agrupacion_doc
Q_fondo	P_instancia_de	Q_tipo_agrupacion_doc
Q_subfondo	P_instancia_de	Q_tipo_agrupacion_doc
Q_serie	P_instancia_de	Q_tipo_agrupacion_doc
Q_instanciacion	P_subclase_de	Q_cosa
Q_instanciacion	P_uri	https://www.ica.org/standards/RiC/ontology#Instantiation
Q_agente	P_subclase_de	Q_cosa
Q_agente	P_uri	https://www.ica.org/standards/RiC/ontology#Agent
Q_agente	P_equivalente_a	Q24229398
Q_persona	P_subclase_de	Q_agente
Q_persona	P_uri	https://www.ica.org/standards/RiC/ontology#Person
Q_persona	P_equivalente_a	Q5
Q_institucion	P_subclase_de	Q_agente
Q_institucion	P_uri	https://www.ica.org/standards/RiC/ontology#CorporateBody
Q_institucion	P_equivalente_a	Q43229
Q_lugar	P_subclase_de	Q_cosa
Q_lugar	P_uri	https://www.ica.org/standards/RiC/ontology#Place
Q_lugar	P_equivalente_a	Q2221906
Q_materia	P_subclase_de	Q_cosa
Q_materia	P_uri	http://www.w3.org/2004/02/skos/core#Concept
Q_fecha	P_subclase_de	Q_cosa
Q_fecha	P_uri	https://www.ica.org/standards/RiC/ontology#Date
Q_fecha	P_equivalente_a	Q205892
Q_lengua	P_subclase_de	Q_cosa
Q_lengua	P_uri	https://www.ica.org/standards/RiC/ontology#Language
Q_castellano	P_instancia_de	Q_lengua
Q_castellano	P_equivalente_a	Q1321
Q_valenciano	P_instancia_de	Q_lengua
Q_latin	P_instancia_de	Q_lengua
Q_latin	P_equivalente_a	Q397
Q_tipo_escritura	P_subclase_de	Q_cosa
Q_tipo_escritura	P_uri	http://www.w3.org/2004/02/skos/core#Concept
Q_escritura_cortesana	P_instancia_de	Q_tipo_escritura
Q_escritura_precortesana	P_instancia_de	Q_tipo_escritura
Q_escritura_procesal	P_instancia_de	Q_tipo_escritura
Q_escritura_gotica_semicursiva	P_instancia_de	Q_tipo_escritura
Q_escritura_gotica_aragonesa	P_instancia_de	Q_tipo_escritura
Q_escritura_humanistica	P_instancia_de	Q_tipo_escritura
Q_escritura_bastarda	P_instancia_de	Q_tipo_escritura
Q_escritura_hibrida	P_instancia_de	Q_tipo_escritura
Q_escritura_impresa	P_instancia_de	Q_tipo_escritura
Q_escritura_caligrafia_sXVIII	P_instancia_de	Q_tipo_escritura
P_instancia_de	P_uri	http://www.w3.org/1999/02/22-rdf-syntax-ns#type
P_instancia_de	P_equivalente_a	P31
P_subclase_de	P_uri	http://www.w3.org/2000/01/rdf-schema#subClassOf
P_subclase_de	P_equivalente_a	P279
P_incluido_en	P_uri	https://www.ica.org/standards/RiC/ontology#isDirectlyIncludedIn
P_tipo_agrupacion_doc	P_uri	https://www.ica.org/standards/RiC/ontology#hasRecordSetType
P_codigo_ref	P_uri	https://www.ica.org/standards/RiC/ontology#identifier
P_id_origen	P_uri	https://www.ica.org/standards/RiC/ontology#identifier
P_titulo	P_uri	https://www.ica.org/standards/RiC/ontology#title
P_alcance_contenido	P_uri	https://www.ica.org/standards/RiC/ontology#scopeAndContent
P_condiciones_acceso	P_uri	https://www.ica.org/standards/RiC/ontology#conditionsOfAccess
P_url_acceso	P_uri	http://schema.org/url
P_lugar	P_uri	https://www.ica.org/standards/RiC/ontology#isAssociatedWithPlace
P_materia	P_uri	https://www.ica.org/standards/RiC/ontology#hasOrHadSubject
P_persona	P_uri	https://www.ica.org/standards/RiC/ontology#hasOrHadSubject
P_institucion	P_uri	https://www.ica.org/standards/RiC/ontology#hasOrHadSubject
P_productor	P_uri	https://www.ica.org/standards/RiC/ontology#hasCreator
P_lengua	P_uri	https://www.ica.org/standards/RiC/ontology#hasOrHadLanguage
P_fecha	P_uri	https://www.ica.org/standards/RiC/ontology#hasCreationDate
P_instanciacion_digital	P_uri	https://www.ica.org/standards/RiC/ontology#hasOrHadDigitalInstantiation
P_instanciacion_fisica	P_uri	https://www.ica.org/standards/RiC/ontology#hasOrHadAnalogueInstantiation
P_volumen_soporte	P_uri	https://www.ica.org/standards/RiC/ontology#carrierExtent
P_estado_conservacion	P_uri	https://www.ica.org/standards/RiC/ontology#physicalCharacteristicsNote
P_tipo_escritura	P_uri	http://purl.org/dc/terms/type
P_fecha_expresada	P_uri	https://www.ica.org/standards/RiC/ontology#expressedDate
P_fecha_inicio	P_uri	https://www.ica.org/standards/RiC/ontology#beginningDate
P_fecha_final	P_uri	https://www.ica.org/standards/RiC/ontology#endDate
P_equivalente_a	P_uri	http://www.w3.org/2002/07/owl#sameAs
P_uri	P_uri	http://www.w3.org/2000/01/rdf-schema#isDefinedBy
P_mimetype	P_uri	http://purl.org/dc/terms/format
P_nota	P_uri	https://www.ica.org/standards/RiC/ontology#generalDescription
P_fecha_agrupacion	P_uri	https://www.ica.org/standards/RiC/ontology#hasOrHadAllMembersWithCreationDate
P_lengua_agrupacion	P_uri	https://www.ica.org/standards/RiC/ontology#hasOrHadAllMembersWithLanguage
